{
    "cpython": {
        "author": "cpython",
        "description": "The Python programming language",
        "github": "https://github.com/python/cpython",
        "versions": {
            "3.11.9": {
                "platforms": {
                    "win32": "/archive/refs/tags/v3.11.9.tar.gz",
                    "darwin": "/archive/refs/tags/v3.11.9.tar.gz",
                    "linux2": "/archive/refs/tags/v3.11.9.tar.gz"
                },
                "install": [
                    "./configure",
                    "make",
                    "make test",
                    "make install"
                ],
                "dependencies": []
            }
        }
    }
}