{
    "cpython": {
        "author": "cpython",
        "description": "The Python programming language",
        "github": "https://github.com/python/cpython",
        "versions": {
            "3.11.9": {
                "install": {
                    "platforms": {
                        "win32": {
                            "download": "/archive/refs/tags/v3.11.9.tar.gz",
                            "commands": [
                                "configure",
                                "make",
                                "make test",
                                "make install"
                            ]
                        },
                        "darwin": {
                            "download": "/archive/refs/tags/v3.11.9.tar.gz",
                            "commands": [
                                "./configure",
                                "make",
                                "make test",
                                "make install"
                            ]
                        },
                        "linux2": {
                            "download": "/archive/refs/tags/v3.11.9.tar.gz",
                            "commands": [
                                "./configure",
                                "make",
                                "make test",
                                "make install"
                            ]
                        }
                    }
                },
                "dependencies": []
            }
        }
    }
}